{"display":{"gui":{"rotation":[30,225,0],"translation":[0,0,0],"scale":[0.7,0.7,0.7]},"ground":{"rotation":[0,0,0],"translation":[0,3,0],"scale":[0.5,0.5,0.5]},"fixed":{"rotation":[0,0,0],"translation":[0,0,0],"scale":[0.5,0.5,0.5]},"thirdperson_righthand":{"rotation":[75,45,0],"translation":[0,2.5,0],"scale":[0.375,0.375,0.375]},"firstperson_righthand":{"rotation":[0,45,0],"translation":[0,0,0],"scale":[0.5,0.5,0.5]},"firstperson_lefthand":{"rotation":[0,225,0],"translation":[0,0,0],"scale":[0.5,0.5,0.5]}},"textures":{"texture":"items/minecart"},"elements":[{"from":[1.5999999999999996,4,0],"to":[14.4,12,16],"faces":{"up":{"uv":[0,0,4,5],"texture":"#texture"},"down":{"uv":[4,0,8,5],"texture":"#texture"},"north":{"uv":[5,5,9,7.5],"texture":"#texture"},"south":{"uv":[5,5,9,7.5],"texture":"#texture"},"west":{"uv":[0,5,5,7.5],"texture":"#texture"},"east":{"uv":[0,5,5,7.5],"texture":"#texture"}}},{"from":[12.8,12,14.4],"to":[3.2,5.6000000000000005,1.5999999999999996],"faces":{"up":{"uv":[0,7.5,3,11.5],"texture":"#texture"},"north":{"uv":[4,11.5,6.75,13.5],"texture":"#texture"},"south":{"uv":[4,11.5,6.75,13.5],"texture":"#texture"},"west":{"uv":[0,11.5,4,13.5],"texture":"#texture"},"east":{"uv":[0,11.5,4,13.5],"texture":"#texture"}}}]}