{"textures":{"particle":"blocks/brewing_stand","stand":"blocks/brewing_stand"},"elements":[{"from":[10.5,0,6],"to":[14.5,0.5,10],"faces":{"down":{"uv":[0,9.5,4,13.5],"texture":"#stand"},"north":{"uv":[0,15.5,4,16],"texture":"#stand"},"south":{"uv":[0,15.5,4,16],"texture":"#stand"},"west":{"uv":[0,15.5,4,16],"texture":"#stand"},"east":{"uv":[0,15.5,4,16],"texture":"#stand"}}},{"from":[10,0.5,6],"to":[10.5,3,10],"faces":{"down":{"uv":[0,14,4,14.5],"texture":"#stand","rotation":90},"up":{"uv":[0,13.5,4,14],"texture":"#stand","rotation":90},"north":{"uv":[0,13.5,0.5,16],"texture":"#stand"},"south":{"uv":[3.5,13.5,4,16],"texture":"#stand"},"west":{"uv":[0,13.5,4,16],"texture":"#stand"},"east":{"uv":[4,13.5,0,16],"texture":"#stand"}}},{"from":[14.5,0.5,6],"to":[15,3,10],"faces":{"down":{"uv":[0,14,4,14.5],"texture":"#stand","rotation":270},"up":{"uv":[0,13.5,4,14],"texture":"#stand","rotation":270},"north":{"uv":[3.5,13.5,4,16],"texture":"#stand"},"south":{"uv":[0,13.5,0.5,16],"texture":"#stand"},"west":{"uv":[4,13.5,0,16],"texture":"#stand"},"east":{"uv":[0,13.5,4,16],"texture":"#stand"}}},{"from":[10.5,0.5,5.5],"to":[14.5,3,6],"faces":{"down":{"uv":[0,14,4,14.5],"texture":"#stand","rotation":180},"up":{"uv":[0,13.5,4,14],"texture":"#stand","rotation":180},"north":{"uv":[0,13.5,4,16],"texture":"#stand"},"south":{"uv":[4,13.5,0,16],"texture":"#stand"},"west":{"uv":[3.5,13.5,4,16],"texture":"#stand"},"east":{"uv":[0,13.5,0.5,16],"texture":"#stand"}}},{"from":[10.5,0.5,10],"to":[14.5,3,10.5],"faces":{"down":{"uv":[0,14,4,14.5],"texture":"#stand"},"up":{"uv":[0,13.5,4,14],"texture":"#stand"},"north":{"uv":[4,13.5,0,16],"texture":"#stand"},"south":{"uv":[0,13.5,4,16],"texture":"#stand"},"west":{"uv":[0,13.5,0.5,16],"texture":"#stand"},"east":{"uv":[3.5,13.5,4,16],"texture":"#stand"}}},{"from":[10.5,2.5,6],"to":[14.5,2.5,10],"shade":false,"faces":{"up":{"uv":[4,4,8,8],"texture":"#stand"}}},{"from":[9.5,8.5,7.5],"to":[11,9,8.5],"faces":{"down":{"uv":[5.5,13.5,7,14.5],"texture":"#stand"},"up":{"uv":[5.5,13.5,7,14.5],"texture":"#stand"},"north":{"uv":[5.5,13.5,7,14],"texture":"#stand"},"south":{"uv":[5.5,13.5,7,14],"texture":"#stand"}}},{"from":[11,8.5,7],"to":[11.5,9,9],"faces":{"down":{"uv":[6,14,6.5,14.5],"texture":"#stand"},"north":{"uv":[6,14,6.5,14.5],"texture":"#stand"},"south":{"uv":[6,14,6.5,14.5],"texture":"#stand"},"west":{"uv":[6,14,6.5,14.5],"texture":"#stand"},"east":{"uv":[6,14,6.5,14.5],"texture":"#stand"}}},{"from":[13.5,8.5,7],"to":[14,9,9],"faces":{"down":{"uv":[6,14,6.5,14.5],"texture":"#stand"},"north":{"uv":[6,14,6.5,14.5],"texture":"#stand"},"south":{"uv":[6,14,6.5,14.5],"texture":"#stand"},"west":{"uv":[6,14,6.5,14.5],"texture":"#stand"},"east":{"uv":[6,14,6.5,14.5],"texture":"#stand"}}},{"from":[11.5,8.5,6.5],"to":[13.5,9,7],"faces":{"down":{"uv":[6,14,6.5,14.5],"texture":"#stand"},"north":{"uv":[6,14,6.5,14.5],"texture":"#stand"},"south":{"uv":[6,14,6.5,14.5],"texture":"#stand"},"west":{"uv":[6,14,6.5,14.5],"texture":"#stand"},"east":{"uv":[6,14,6.5,14.5],"texture":"#stand"}}},{"from":[11.5,8.5,9],"to":[13.5,9,9.5],"faces":{"down":{"uv":[6,14,6.5,14.5],"texture":"#stand"},"north":{"uv":[6,14,6.5,14.5],"texture":"#stand"},"south":{"uv":[6,14,6.5,14.5],"texture":"#stand"},"west":{"uv":[6,14,6.5,14.5],"texture":"#stand"},"east":{"uv":[6,14,6.5,14.5],"texture":"#stand"}}},{"from":[11,5,6.5],"to":[14,5.5,9.5],"faces":{"north":{"uv":[8.5,7,11.5,7.5],"texture":"#stand"},"south":{"uv":[8.5,7,11.5,7.5],"texture":"#stand"},"west":{"uv":[8.5,7,11.5,7.5],"texture":"#stand"},"east":{"uv":[8.5,7,11.5,7.5],"texture":"#stand"}}},{"from":[10.5,5.5,6],"to":[14.5,8,10],"faces":{"up":{"uv":[8,12,12,16],"texture":"#stand"},"down":{"uv":[8,12,12,16],"texture":"#stand"},"north":{"uv":[8,9.5,12,12],"texture":"#stand"},"south":{"uv":[8,9.5,12,12],"texture":"#stand"},"west":{"uv":[8,9.5,12,12],"texture":"#stand"},"east":{"uv":[8,9.5,12,12],"texture":"#stand"}}},{"from":[11.5,8,7],"to":[13.5,8.5,9],"faces":{"north":{"uv":[9,6,11,6.5],"texture":"#stand"},"south":{"uv":[9,6,11,6.5],"texture":"#stand"},"west":{"uv":[9,6,11,6.5],"texture":"#stand"},"east":{"uv":[9,6,11,6.5],"texture":"#stand"}}},{"from":[11,9,6.5],"to":[14,10,9.5],"faces":{"up":{"uv":[12,13,15,16],"texture":"#stand"},"north":{"uv":[8.5,6.5,11.5,7.5],"texture":"#stand"},"south":{"uv":[8.5,6.5,11.5,7.5],"texture":"#stand"},"west":{"uv":[8.5,6.5,11.5,7.5],"texture":"#stand"},"east":{"uv":[8.5,6.5,11.5,7.5],"texture":"#stand"}}},{"from":[11.5,9,7],"to":[13.5,10.5,9],"faces":{"up":{"uv":[2,6,4,8],"texture":"#stand"},"down":{"uv":[2,6,4,8],"texture":"#stand"},"north":{"uv":[2,8,4,9.5],"texture":"#stand"},"south":{"uv":[2,8,4,9.5],"texture":"#stand"},"west":{"uv":[2,8,4,9.5],"texture":"#stand"},"east":{"uv":[2,8,4,9.5],"texture":"#stand"}}},{"from":[11,5.5,6.5],"to":[14,7,9.5],"faces":{"up":{"uv":[2.5,3.5,3,4],"texture":"#stand"},"down":{"uv":[2.5,3.5,3,4],"texture":"#stand"},"north":{"uv":[2.5,3.5,3,4],"texture":"#stand"},"south":{"uv":[2.5,3.5,3,4],"texture":"#stand"},"west":{"uv":[2.5,3.5,3,4],"texture":"#stand"},"east":{"uv":[2.5,3.5,3,4],"texture":"#stand"}}},{"from":[12,10.5,7.5],"to":[13,15,8.5],"faces":{"up":{"uv":[10,4,12,6],"texture":"#stand"},"north":{"uv":[14,4,16,13],"texture":"#stand"},"south":{"uv":[16,4,14,13],"texture":"#stand"},"west":{"uv":[5,2,14.5,4],"texture":"#stand","rotation":90},"east":{"uv":[12,4,14,13],"texture":"#stand"}}},{"from":[7.5,14,7.5],"to":[12,15,8.5],"faces":{"down":{"uv":[5,2,14.5,4],"texture":"#stand"},"up":{"uv":[7,0,16,2],"texture":"#stand"},"north":{"uv":[7,2,16,4],"texture":"#stand"},"south":{"uv":[16,2,7,4],"texture":"#stand"},"west":{"uv":[8,4,10,6],"texture":"#stand"}}}]}